<?xml version="1.0" encoding="utf-8"?>
<annotations>
  <version>1.1</version>
  <meta>
    <task>
      <id>1159</id>
      <name>ProvaRepoTask</name>
      <size>372</size>
      <mode>interpolation</mode>
      <overlap>5</overlap>
      <bugtracker></bugtracker>
      <created>2023-04-12 16:33:12.160825+00:00</created>
      <updated>2023-04-12 17:31:52.258237+00:00</updated>
      <subset>default</subset>
      <start_frame>0</start_frame>
      <stop_frame>371</stop_frame>
      <frame_filter></frame_filter>
      <segments>
        <segment>
          <id>1119</id>
          <start>0</start>
          <stop>371</stop>
          <url>http135.125.106.238:8080/api/jobs/1119</url>
        </segment>
      </segments>
      <owner>
        <username>mbarato</username>
        <email>matteo.barato@theedgecompany.net</email>
      </owner>
      <assignee></assignee>
      <labels>
        <label>
          <name>others</name>
          <color>#0ae411</color>
          <type>any</type>
          <attributes>
          </attributes>
        </label>
        <label>
          <name>global - weather conditions</name>
          <color>#0e2e1f</color>
          <type>any</type>
          <attributes>
          </attributes>
        </label>
        <label>
          <name>global - camera status</name>
          <color>#4223d0</color>
          <type>any</type>
          <attributes>
          </attributes>
        </label>
        <label>
          <name>animal</name>
          <color>#c00000</color>
          <type>any</type>
          <attributes>
          </attributes>
        </label>
        <label>
          <name>bird</name>
          <color>#404040</color>
          <type>any</type>
          <attributes>
            <attribute>
              <name>species</name>
              <mutable>False</mutable>
              <input_type>text</input_type>
              <default_value></default_value>
              <values></values>
            </attribute>
            <attribute>
              <name>background</name>
              <mutable>False</mutable>
              <input_type>text</input_type>
              <default_value></default_value>
              <values></values>
            </attribute>
            <attribute>
              <name>illumination</name>
              <mutable>False</mutable>
              <input_type>text</input_type>
              <default_value></default_value>
              <values></values>
            </attribute>
            <attribute>
              <name>movement</name>
              <mutable>False</mutable>
              <input_type>text</input_type>
              <default_value></default_value>
              <values></values>
            </attribute>
            <attribute>
              <name>is_crowd</name>
              <mutable>False</mutable>
              <input_type>checkbox</input_type>
              <default_value></default_value>
              <values></values>
            </attribute>
          </attributes>
        </label>
        <label>
          <name>global - metadata</name>
          <color>#bfab39</color>
          <type>any</type>
          <attributes>
          </attributes>
        </label>
      </labels>
      <original_size>
        <width>3840</width>
        <height>2160</height>
      </original_size>
      <source>20190621_0037_rr.mp4</source>
    </task>
    <dumped>2023-04-12 17:33:43.153684+00:00</dumped>
  </meta>
</annotations>
